{
    "loss": [
        9.485991176916286e-05,
        1.0963390195684042e-05,
        3.9643659874855075e-06,
        2.0372385733935516e-06,
        1.6600057506366284e-06,
        1.5227305993903428e-06,
        1.451066964364145e-06,
        1.4134951697997167e-06,
        1.3816137425237685e-06,
        1.358542021989706e-06,
        1.3467757753460319e-06,
        1.3426393934423686e-06,
        1.3334936284081778e-06,
        1.3248020422906848e-06,
        1.3187676586312591e-06,
        1.3146008086550864e-06,
        1.3136979077899014e-06,
        1.306778017351462e-06,
        1.3085052614769666e-06,
        1.3067437976133078e-06,
        1.3007693269173615e-06,
        1.2988098205823917e-06,
        1.2978215409020777e-06,
        1.2979869552509626e-06,
        1.2924678003400913e-06,
        1.2915570550831035e-06,
        1.2899967032353743e-06,
        1.288032876800571e-06,
        1.2879405630883412e-06,
        1.287071995648148e-06,
        1.2838161183026386e-06,
        1.2836565019824775e-06,
        1.2848564665546292e-06,
        1.2878429060947383e-06,
        1.2838573866247316e-06,
        1.282650487155479e-06,
        1.2812841987397405e-06,
        1.2784777254637447e-06,
        1.280365950151463e-06,
        1.277583237424551e-06,
        1.278726699638355e-06,
        1.2783784768544137e-06,
        1.278051286135451e-06,
        1.2768907708959887e-06,
        1.2765988230967196e-06,
        1.2772147783834953e-06,
        1.2755199350067414e-06,
        1.277330056836945e-06,
        1.2773339221894275e-06,
        1.2749828783853445e-06
    ],
    "val_loss": [
        3.807093162322417e-05,
        6.382329502230277e-06,
        3.053480895687244e-06,
        2.344569566048449e-06,
        1.5820022554180468e-06,
        1.4003844626131468e-06,
        1.3517197885448695e-06,
        1.3289892422108096e-06,
        1.2781504210579442e-06,
        1.2595500038514729e-06,
        1.3004680567973992e-06,
        1.2306957160035381e-06,
        1.2196898069305462e-06,
        1.2310789543334977e-06,
        1.199375333271746e-06,
        1.22059975637967e-06,
        1.2196059060443076e-06,
        1.2201387562527088e-06,
        1.2101875199732604e-06,
        1.1941101547563449e-06,
        1.2114306855437462e-06,
        1.2435823464329587e-06,
        1.2115938261558767e-06,
        1.204881186822604e-06,
        1.2045888979628216e-06,
        1.203297415486304e-06,
        1.211770950249047e-06,
        1.191481374007708e-06,
        1.2154747537351795e-06,
        1.2377006441965932e-06,
        1.1881322734552668e-06,
        1.1964732493652264e-06,
        1.2145732171120471e-06,
        1.2121407735321554e-06,
        1.2102151458748267e-06,
        1.1929713537028874e-06,
        1.229090003107558e-06,
        1.1955139598285314e-06,
        1.195081608784676e-06,
        1.2137335261286353e-06,
        1.213409404954291e-06,
        1.1821756515928428e-06,
        1.1752658792829607e-06,
        1.2089826668670867e-06,
        1.1863858162541874e-06,
        1.1980180261161877e-06,
        1.191520141219371e-06,
        1.1912891295651207e-06,
        1.1884438890774618e-06,
        1.18159198336798e-06
    ]
}