{
    "rounds": [
        0,
        1,
        2,
        3,
        4,
        5,
        6,
        7,
        8,
        9,
        10,
        11,
        12,
        13,
        14,
        15,
        16,
        17,
        18,
        19,
        20,
        21,
        22,
        23,
        24,
        25,
        26,
        27,
        28,
        29,
        30,
        31,
        32,
        33,
        34,
        35,
        36,
        37,
        38,
        39,
        40,
        41,
        42,
        43,
        44,
        45,
        46,
        47,
        48,
        49,
        50,
        51,
        52,
        53,
        54,
        55,
        56,
        57,
        58,
        59,
        60,
        61,
        62,
        63,
        64,
        65,
        66,
        67,
        68,
        69,
        70,
        71,
        72,
        73,
        74,
        75,
        76,
        77,
        78,
        79,
        80,
        81,
        82,
        83,
        84,
        85,
        86,
        87,
        88,
        89,
        90,
        91,
        92,
        93,
        94,
        95,
        96,
        97,
        98,
        99
    ],
    "train_rmse": [
        0.00667359569334394,
        0.0060744387040143,
        0.00553376607574926,
        0.00505759909995195,
        0.00462621993888874,
        0.00424898534851541,
        0.00390872948035353,
        0.00361085614040289,
        0.00334261778916069,
        0.00310735609962975,
        0.00289670935880588,
        0.00271184084033888,
        0.00254765528065686,
        0.0023958248355928,
        0.00225464725240005,
        0.00213372231225872,
        0.00203664352708519,
        0.00194004975210842,
        0.00186584045564388,
        0.00179283357889402,
        0.00172521318282079,
        0.00167337326236581,
        0.00162490293854895,
        0.00158050730382731,
        0.00152587132812408,
        0.00149109162873298,
        0.00145271231219772,
        0.00142956539094441,
        0.00140078625957434,
        0.00137422592943925,
        0.00135696699158599,
        0.00133794916837557,
        0.00131060788217425,
        0.00129504894898266,
        0.00127677923201103,
        0.00126225312878492,
        0.00124873621012803,
        0.00123467105172111,
        0.00122428422385894,
        0.00121005315533422,
        0.00120258886091328,
        0.0011942915019133,
        0.0011811871447208,
        0.00117219161388077,
        0.00116941576455498,
        0.0011644628335544,
        0.00115887194737562,
        0.00115165289820201,
        0.00114571585229236,
        0.00114093238723825,
        0.00113801606126885,
        0.00113572301076658,
        0.00113129145248691,
        0.00112753430741858,
        0.00112508563087642,
        0.0011212030362234,
        0.00111874395928866,
        0.00111634527849237,
        0.00111391795285269,
        0.00110957438668407,
        0.00110798141368858,
        0.00110681195797856,
        0.00110277408226735,
        0.00110119486535851,
        0.0010977196880585,
        0.00109684737603281,
        0.00109591044416362,
        0.00109470727965005,
        0.00109230281092934,
        0.00109117320301647,
        0.00109035377377675,
        0.00108957325593513,
        0.00108879752392266,
        0.00108814653803053,
        0.00108672522323261,
        0.0010856606683111,
        0.00108501922766342,
        0.00108444353835894,
        0.00108399566748047,
        0.00108352195369214,
        0.00108108733716185,
        0.00107977478012374,
        0.00107907435446383,
        0.00107854810902455,
        0.00107825365711909,
        0.00107801239772382,
        0.00107733729242997,
        0.00107709040578596,
        0.00107600705279986,
        0.00107584224865573,
        0.00107563762239194,
        0.00107366724171383,
        0.00107319764795463,
        0.00107319702741108,
        0.0010731585253282,
        0.0010731585260417,
        0.00107315852708043,
        0.00107315852791309,
        0.00107315852858201,
        0.00107315852914004
    ],
    "test_rmse": [
        0.00672271957123574,
        0.0061217431092842,
        0.00557897234311399,
        0.00510019035741447,
        0.00466618989352713,
        0.00428742911943981,
        0.00394615534322598,
        0.00364669148904731,
        0.00337840237922021,
        0.00314238891616086,
        0.00293149175691017,
        0.00274530645991761,
        0.00258046132778378,
        0.00242722049199174,
        0.00228517670927826,
        0.00216297386022293,
        0.00206588469750929,
        0.00196896441490326,
        0.00189468880030744,
        0.00182147159689232,
        0.00175298484101765,
        0.00170089494395062,
        0.00165213615516574,
        0.0016077560818491,
        0.00155264736990093,
        0.00151738741795108,
        0.00147821316732989,
        0.00145511004771353,
        0.00142665237863469,
        0.00139947373584624,
        0.00138206033056836,
        0.00136287529317566,
        0.00133510944640317,
        0.00131982164630495,
        0.00130184708761866,
        0.00128740683427524,
        0.00127370314163303,
        0.00125949928983936,
        0.00124903400810939,
        0.00123482176623331,
        0.0012275253891498,
        0.00121932385900997,
        0.00120618638968379,
        0.00119731626967905,
        0.00119473041800568,
        0.00118960213388431,
        0.00118396364773663,
        0.00117643826386839,
        0.00117041908777983,
        0.00116566821828904,
        0.00116283202195504,
        0.00116059406600548,
        0.00115588126506823,
        0.00115220656022135,
        0.00114970305733344,
        0.00114592644718499,
        0.0011435201782887,
        0.00114105342304168,
        0.00113861162203573,
        0.00113449708819226,
        0.00113293846207193,
        0.00113191004556354,
        0.00112792193280701,
        0.00112632861764856,
        0.00112308933907636,
        0.00112232859282648,
        0.00112144667315055,
        0.00112018881618468,
        0.00111773763980927,
        0.00111658708275114,
        0.00111590590320261,
        0.00111527150270327,
        0.00111445726784204,
        0.00111388954525857,
        0.00111269784488394,
        0.00111155946698463,
        0.00111106470478079,
        0.00111035376917871,
        0.00110986992321794,
        0.00110933757288932,
        0.00110696999628724,
        0.00110564881261733,
        0.00110499002337226,
        0.00110448112034067,
        0.00110412185044473,
        0.00110383740662041,
        0.00110314239436358,
        0.00110279865215284,
        0.00110180056808096,
        0.00110165517364075,
        0.00110147788864333,
        0.00109959566986306,
        0.00109913525195238,
        0.00109913346625749,
        0.00109909601428846,
        0.00109909601546186,
        0.00109909601665759,
        0.00109909601822385,
        0.00109909601874243,
        0.00109909602001042
    ]
}